dtype,device,exec_type,tensor_type,granularity,symmetric,narrow_range,timing_mode,ref,num_runs,input_size,forward_avg,backward_avg,forward_gb_avg,backward_gb_avg
torch.bfloat16,cuda,ExecutionType.REGULAR,TensorType.WEIGHTS,GranularityType.PER_GROUP,False,False,TimingMode.KERNEL,False,500,"[3072, 3072]",1.8825125694274902,2.179847240447998,0.0900606861114502,0.21203899383544922
torch.bfloat16,cuda,ExecutionType.REGULAR,TensorType.WEIGHTS,GranularityType.PER_GROUP,False,False,TimingMode.KERNEL,False,100,"[11008, 2048]",1.4805889129638672,3.7769079208374023,0.2235403537750244,0.519352912902832
torch.bfloat16,cuda,ExecutionType.REGULAR,TensorType.WEIGHTS,GranularityType.PER_GROUP,False,False,TimingMode.KERNEL,False,500,"[2048, 2304]",1.8772220611572266,2.095614433288574,0.04625585174560547,0.10720026016235351
torch.bfloat16,cuda,ExecutionType.REGULAR,TensorType.WEIGHTS,GranularityType.PER_GROUP,False,False,TimingMode.KERNEL,False,50,"[49152, 2048]",4.039816856384277,15.211749076843262,0.9858529090881347,2.263373374938965
torch.bfloat16,cuda,ExecutionType.REGULAR,TensorType.WEIGHTS,GranularityType.PER_GROUP,False,False,TimingMode.KERNEL,False,1000,"[256, 2048]",1.8854670524597168,2.0767757892608643,0.01892146110534668,0.025155067443847656
torch.bfloat16,cuda,ExecutionType.REGULAR,TensorType.WEIGHTS,GranularityType.PER_GROUP,False,False,TimingMode.KERNEL,False,100,"[2048, 11008]",1.4515876770019531,3.787984848022461,0.23587517738342284,0.5316877365112305
torch.bfloat16,cuda,ExecutionType.REGULAR,TensorType.WEIGHTS,GranularityType.PER_GROUP,False,False,TimingMode.KERNEL,False,50,"[128256, 3072]",15.094223022460938,58.92264366149902,3.8704079246520995,8.87366455078125
torch.bfloat16,cuda,ExecutionType.REGULAR,TensorType.WEIGHTS,GranularityType.PER_GROUP,False,False,TimingMode.KERNEL,False,100,"[2048, 8192]",1.7875361442565918,3.1055569648742676,0.23940961837768554,0.4362611770629883
torch.bfloat16,cuda,ExecutionType.REGULAR,TensorType.WEIGHTS,GranularityType.PER_GROUP,False,False,TimingMode.KERNEL,False,100,"[2560, 6912]",2.033207416534424,3.2627391815185547,0.23196393013000488,0.4588308334350586
torch.bfloat16,cuda,ExecutionType.REGULAR,TensorType.WEIGHTS,GranularityType.PER_GROUP,False,False,TimingMode.KERNEL,False,100,"[4096, 4096]",1.5907049179077148,3.0416369438171387,0.22366942405700685,0.43875228881835937
torch.bfloat16,cuda,ExecutionType.REGULAR,TensorType.WEIGHTS,GranularityType.PER_GROUP,False,False,TimingMode.KERNEL,False,50,"[32000, 2048]",2.896299362182617,10.074896812438965,0.7043531990051269,1.535691261291504
torch.bfloat16,cuda,ExecutionType.REGULAR,TensorType.WEIGHTS,GranularityType.PER_GROUP,False,False,TimingMode.KERNEL,False,100,"[2304, 9216]",1.5690922737121582,3.620293140411377,0.26836457252502444,0.5406046676635742
torch.bfloat16,cuda,ExecutionType.REGULAR,TensorType.WEIGHTS,GranularityType.PER_GROUP,False,False,TimingMode.KERNEL,False,100,"[6912, 2560]",1.7676925659179688,3.2183408737182617,0.2363927936553955,0.4632596969604492
torch.bfloat16,cuda,ExecutionType.REGULAR,TensorType.WEIGHTS,GranularityType.PER_GROUP,False,False,TimingMode.KERNEL,False,500,"[1024, 2304]",1.936601161956787,2.1040897369384766,0.09035898971557617,0.12076282501220703
torch.bfloat16,cuda,ExecutionType.REGULAR,TensorType.WEIGHTS,GranularityType.PER_GROUP,False,False,TimingMode.KERNEL,False,100,"[2048, 5632]",2.0116543769836426,2.4539899826049805,0.17930169105529786,0.32718563079833984
torch.bfloat16,cuda,ExecutionType.REGULAR,TensorType.WEIGHTS,GranularityType.PER_GROUP,False,False,TimingMode.KERNEL,False,100,"[3072, 12288]",2.004227638244629,6.016302108764648,0.43499543190002443,0.9182519912719727
torch.bfloat16,cuda,ExecutionType.REGULAR,TensorType.WEIGHTS,GranularityType.PER_GROUP,False,False,TimingMode.KERNEL,False,100,"[9216, 2304]",1.3631415367126465,3.6285042762756348,0.27934510231018067,0.5515851974487305
torch.bfloat16,cuda,ExecutionType.REGULAR,TensorType.WEIGHTS,GranularityType.PER_GROUP,False,False,TimingMode.KERNEL,False,100,"[8960, 1536]",1.8284225463867188,2.733895778656006,0.2079389476776123,0.3843911933898926
torch.bfloat16,cuda,ExecutionType.REGULAR,TensorType.WEIGHTS,GranularityType.PER_GROUP,False,False,TimingMode.KERNEL,False,1000,"[128, 2048]",1.88153076171875,2.0846240520477295,0.07867624473571777,0.08199787139892578
torch.bfloat16,cuda,ExecutionType.REGULAR,TensorType.WEIGHTS,GranularityType.PER_GROUP,False,False,TimingMode.KERNEL,False,500,"[1536, 1536]",1.9606661796569822,2.1426944732666016,0.098654146194458,0.1291494369506836
torch.bfloat16,cuda,ExecutionType.REGULAR,TensorType.WEIGHTS,GranularityType.PER_GROUP,False,False,TimingMode.KERNEL,False,50,"[32064, 3072]",3.999729156494141,14.957337379455566,1.0406157875061035,2.2903194427490234
torch.bfloat16,cuda,ExecutionType.REGULAR,TensorType.WEIGHTS,GranularityType.PER_GROUP,False,False,TimingMode.KERNEL,False,50,"[128256, 4096]",20.10298728942871,78.89347553253174,5.222110195159912,11.888936805725098
torch.bfloat16,cuda,ExecutionType.REGULAR,TensorType.WEIGHTS,GranularityType.PER_GROUP,False,False,TimingMode.KERNEL,False,50,"[49152, 3072]",5.997967720031738,22.8696346282959,1.6140589332580566,3.530428886413574
torch.bfloat16,cuda,ExecutionType.REGULAR,TensorType.WEIGHTS,GranularityType.PER_GROUP,False,False,TimingMode.KERNEL,False,1000,"[256, 3072]",1.8997056484222412,2.0697083473205566,0.14849289512634278,0.15954824829101563
torch.bfloat16,cuda,ExecutionType.REGULAR,TensorType.WEIGHTS,GranularityType.PER_GROUP,False,False,TimingMode.KERNEL,False,500,"[1024, 3072]",1.754714012145996,1.8801860809326172,0.16819224739074706,0.20910358428955078
torch.bfloat16,cuda,ExecutionType.REGULAR,TensorType.WEIGHTS,GranularityType.PER_GROUP,False,False,TimingMode.KERNEL,False,100,"[8192, 2048]",1.7391467094421387,3.342447280883789,0.2998873233795166,0.5149908065795898
torch.bfloat16,cuda,ExecutionType.REGULAR,TensorType.WEIGHTS,GranularityType.PER_GROUP,False,False,TimingMode.KERNEL,False,50,"[151936, 1536]",9.123573303222656,35.110740661621094,2.421622428894043,5.382747650146484
torch.bfloat16,cuda,ExecutionType.REGULAR,TensorType.WEIGHTS,GranularityType.PER_GROUP,False,False,TimingMode.KERNEL,False,100,"[4096, 11008]",2.3996996879577637,7.126071453094482,0.6055114555358887,1.179764747619629
torch.bfloat16,cuda,ExecutionType.REGULAR,TensorType.WEIGHTS,GranularityType.PER_GROUP,False,False,TimingMode.KERNEL,False,100,"[9216, 3072]",1.9361186027526855,4.6727705001831055,0.44605263710021975,0.8090391159057617
torch.bfloat16,cuda,ExecutionType.REGULAR,TensorType.WEIGHTS,GranularityType.PER_GROUP,False,False,TimingMode.KERNEL,False,50,"[16384, 3072]",2.2977066040039062,7.865419387817383,0.6664469718933106,1.3052076721191406
torch.bfloat16,cuda,ExecutionType.REGULAR,TensorType.WEIGHTS,GranularityType.PER_GROUP,False,False,TimingMode.KERNEL,False,500,"[2560, 2560]",1.913276195526123,2.1021676063537598,0.24242307662963866,0.32686328887939453
torch.bfloat16,cuda,ExecutionType.REGULAR,TensorType.WEIGHTS,GranularityType.PER_GROUP,False,False,TimingMode.KERNEL,False,100,"[5632, 2048]",2.040576934814453,2.4410390853881836,0.29165215492248536,0.43953609466552734
torch.bfloat16,cuda,ExecutionType.REGULAR,TensorType.WEIGHTS,GranularityType.PER_GROUP,False,False,TimingMode.KERNEL,False,500,"[2304, 2048]",1.966698169708252,2.1563873291015625,0.22675393867492677,0.28774356842041016
torch.bfloat16,cuda,ExecutionType.REGULAR,TensorType.WEIGHTS,GranularityType.PER_GROUP,False,False,TimingMode.KERNEL,False,50,"[14336, 4096]",2.645430564880371,9.088330268859863,0.7563996315002441,1.5016202926635742
torch.bfloat16,cuda,ExecutionType.REGULAR,TensorType.WEIGHTS,GranularityType.PER_GROUP,False,False,TimingMode.KERNEL,False,50,"[4096, 14336]",2.7433300018310547,9.116020202636719,0.763237476348877,1.508458137512207
torch.bfloat16,cuda,ExecutionType.REGULAR,TensorType.WEIGHTS,GranularityType.PER_GROUP,False,False,TimingMode.KERNEL,False,50,"[151936, 2048]",12.0731782913208,46.811513900756836,3.237132511138916,7.185995864868164
torch.bfloat16,cuda,ExecutionType.REGULAR,TensorType.WEIGHTS,GranularityType.PER_GROUP,False,False,TimingMode.KERNEL,False,100,"[12288, 3072]",2.0267152786254883,6.042685508728027,0.5987279319763184,1.0736150741577148
torch.bfloat16,cuda,ExecutionType.REGULAR,TensorType.WEIGHTS,GranularityType.PER_GROUP,False,False,TimingMode.KERNEL,False,500,"[2048, 4096]",1.914987564086914,2.1298251152038574,0.3055944023132324,0.4139663124084473
torch.bfloat16,cuda,ExecutionType.REGULAR,TensorType.WEIGHTS,GranularityType.PER_GROUP,False,False,TimingMode.KERNEL,False,50,"[128256, 2048]",10.252795219421387,39.63193893432617,2.795630512237549,6.129158973693848
torch.bfloat16,cuda,ExecutionType.REGULAR,TensorType.WEIGHTS,GranularityType.PER_GROUP,False,False,TimingMode.KERNEL,False,100,"[11008, 4096]",2.2134923934936523,7.1312665939331055,0.697182559967041,1.2700681686401367
torch.bfloat16,cuda,ExecutionType.REGULAR,TensorType.WEIGHTS,GranularityType.PER_GROUP,False,False,TimingMode.KERNEL,False,50,"[32000, 4096]",5.219283103942871,19.967288970947266,1.5404912757873535,3.203385353088379
torch.bfloat16,cuda,ExecutionType.REGULAR,TensorType.WEIGHTS,GranularityType.PER_GROUP,False,False,TimingMode.KERNEL,False,50,"[50304, 2560]",5.1384735107421875,19.641880989074707,1.5327473258972169,3.1670703887939453
torch.bfloat16,cuda,ExecutionType.REGULAR,TensorType.WEIGHTS,GranularityType.PER_GROUP,False,False,TimingMode.KERNEL,False,100,"[8192, 3072]",1.729118824005127,4.230127334594727,0.5224430656433106,0.8435707473754883
torch.bfloat16,cuda,ExecutionType.REGULAR,TensorType.WEIGHTS,GranularityType.PER_GROUP,False,False,TimingMode.KERNEL,False,500,"[1024, 4096]",1.9081439971923828,2.0548696517944336,0.3163921318054199,0.3705129623413086
torch.bfloat16,cuda,ExecutionType.REGULAR,TensorType.WEIGHTS,GranularityType.PER_GROUP,False,False,TimingMode.KERNEL,False,500,"[512, 2048]",1.8970537185668945,2.140491008758545,0.2868524227142334,0.30133724212646484
torch.bfloat16,cuda,ExecutionType.REGULAR,TensorType.WEIGHTS,GranularityType.PER_GROUP,False,False,TimingMode.KERNEL,False,50,"[256000, 2304]",22.645950317382812,88.99039268493652,6.048699741363525,13.540865898132324
torch.bfloat16,cuda,ExecutionType.REGULAR,TensorType.WEIGHTS,GranularityType.PER_GROUP,False,False,TimingMode.KERNEL,False,100,"[3072, 8192]",1.7276811599731445,4.21877384185791,0.5696430206298828,0.8649784660339356
torch.bfloat16,cuda,ExecutionType.REGULAR,TensorType.WEIGHTS,GranularityType.PER_GROUP,False,False,TimingMode.KERNEL,False,50,"[2048, 128256]",10.321111679077148,39.77028846740723,2.8479719734191895,6.181500434875488
torch.bfloat16,cuda,ExecutionType.REGULAR,TensorType.WEIGHTS,GranularityType.PER_GROUP,False,False,TimingMode.KERNEL,False,1000,"[256, 1536]",1.9133596420288086,2.131957530975342,0.2853621215820312,0.28896108627319333
torch.bfloat16,cuda,ExecutionType.REGULAR,TensorType.WEIGHTS,GranularityType.PER_GROUP,False,False,TimingMode.KERNEL,False,500,"[2048, 2048]",1.974451541900635,2.1165499687194824,0.3198932971954346,0.37410640716552734
torch.bfloat16,cuda,ExecutionType.REGULAR,TensorType.WEIGHTS,GranularityType.PER_GROUP,False,False,TimingMode.KERNEL,False,100,"[1536, 8960]",1.8626189231872559,2.680346965789795,0.41313355445861816,0.5895776748657227
