dtype,device,exec_type,tensor_type,granularity,symmetric,narrow_range,timing_mode,ref,num_runs,input_size,forward_avg,backward_avg,forward_mb_avg,backward_mb_avg
torch.bfloat16,cuda,ExecutionType.REGULAR,TensorType.WEIGHTS,GranularityType.PER_GROUP,False,False,TimingMode.KERNEL,False,500,"[3072, 3072]",1.0994195938110352,0.8210043907165527,0.07199833869934082,0.08940410614013672
torch.bfloat16,cuda,ExecutionType.REGULAR,TensorType.WEIGHTS,GranularityType.PER_GROUP,False,False,TimingMode.KERNEL,False,100,"[11008, 2048]",0.9997105598449707,1.2491416931152344,0.17735375404357911,0.21955585479736328
torch.bfloat16,cuda,ExecutionType.REGULAR,TensorType.WEIGHTS,GranularityType.PER_GROUP,False,False,TimingMode.KERNEL,False,500,"[2048, 2304]",0.7092399597167969,0.6795101165771484,0.037342060089111326,0.0458775634765625
torch.bfloat16,cuda,ExecutionType.REGULAR,TensorType.WEIGHTS,GranularityType.PER_GROUP,False,False,TimingMode.KERNEL,False,50,"[49152, 2048]",0.6873512268066406,3.3230113983154297,0.7730697059631347,0.9552679061889648
torch.bfloat16,cuda,ExecutionType.REGULAR,TensorType.WEIGHTS,GranularityType.PER_GROUP,False,False,TimingMode.KERNEL,False,1000,"[256, 2048]",0.8612911701202393,0.7485394477844238,0.017930631637573243,0.018342018127441406
torch.bfloat16,cuda,ExecutionType.REGULAR,TensorType.WEIGHTS,GranularityType.PER_GROUP,False,False,TimingMode.KERNEL,False,100,"[2048, 11008]",1.3785624504089355,1.4023661613464355,0.18968857765197755,0.23189067840576172
torch.bfloat16,cuda,ExecutionType.REGULAR,TensorType.WEIGHTS,GranularityType.PER_GROUP,False,False,TimingMode.KERNEL,False,50,"[128256, 3072]",1.737213134765625,10.81061840057373,3.0366290855407714,3.7501874923706056
torch.bfloat16,cuda,ExecutionType.REGULAR,TensorType.WEIGHTS,GranularityType.PER_GROUP,False,False,TimingMode.KERNEL,False,100,"[2048, 8192]",0.9890437126159669,1.0957837104797363,0.20798871994018556,0.21824359893798828
torch.bfloat16,cuda,ExecutionType.REGULAR,TensorType.WEIGHTS,GranularityType.PER_GROUP,False,False,TimingMode.KERNEL,False,100,"[2560, 6912]",0.7305145263671875,1.0333561897277832,0.19652529716491698,0.22889041900634766
torch.bfloat16,cuda,ExecutionType.REGULAR,TensorType.WEIGHTS,GranularityType.PER_GROUP,False,False,TimingMode.KERNEL,False,100,"[4096, 4096]",1.0170745849609375,1.0055136680603027,0.19004773139953612,0.22073471069335937
torch.bfloat16,cuda,ExecutionType.REGULAR,TensorType.WEIGHTS,GranularityType.PER_GROUP,False,False,TimingMode.KERNEL,False,50,"[32000, 2048]",1.1088132858276367,2.492380142211914,0.5654489326477051,0.6840600967407227
torch.bfloat16,cuda,ExecutionType.REGULAR,TensorType.WEIGHTS,GranularityType.PER_GROUP,False,False,TimingMode.KERNEL,False,100,"[2304, 9216]",0.9294462203979492,1.1726164817810059,0.22740009307861328,0.26459985733032226
torch.bfloat16,cuda,ExecutionType.REGULAR,TensorType.WEIGHTS,GranularityType.PER_GROUP,False,False,TimingMode.KERNEL,False,100,"[6912, 2560]",0.8847379684448242,0.8979558944702148,0.2009541606903076,0.23331928253173828
torch.bfloat16,cuda,ExecutionType.REGULAR,TensorType.WEIGHTS,GranularityType.PER_GROUP,False,False,TimingMode.KERNEL,False,500,"[1024, 2304]",0.9103279113769531,0.6763472557067871,0.08590472030639648,0.0901041030883789
torch.bfloat16,cuda,ExecutionType.REGULAR,TensorType.WEIGHTS,GranularityType.PER_GROUP,False,False,TimingMode.KERNEL,False,100,"[2048, 5632]",0.9119009971618652,0.8577990531921387,0.15620095252990723,0.17729854583740234
torch.bfloat16,cuda,ExecutionType.REGULAR,TensorType.WEIGHTS,GranularityType.PER_GROUP,False,False,TimingMode.KERNEL,False,100,"[3072, 12288]",0.6911945343017578,1.7048978805541992,0.3594003391265869,0.42844486236572266
torch.bfloat16,cuda,ExecutionType.REGULAR,TensorType.WEIGHTS,GranularityType.PER_GROUP,False,False,TimingMode.KERNEL,False,100,"[9216, 2304]",1.223297119140625,1.158297061920166,0.23690420150756836,0.27565670013427734
torch.bfloat16,cuda,ExecutionType.REGULAR,TensorType.WEIGHTS,GranularityType.PER_GROUP,False,False,TimingMode.KERNEL,False,100,"[8960, 1536]",0.8497071266174316,0.8847427368164062,0.18037556648254394,0.20554864883422852
torch.bfloat16,cuda,ExecutionType.REGULAR,TensorType.WEIGHTS,GranularityType.PER_GROUP,False,False,TimingMode.KERNEL,False,1000,"[128, 2048]",0.887103796005249,0.7220656871795654,0.07818083000183106,0.07859134674072266
torch.bfloat16,cuda,ExecutionType.REGULAR,TensorType.WEIGHTS,GranularityType.PER_GROUP,False,False,TimingMode.KERNEL,False,500,"[1536, 1536]",0.6725726127624512,0.6417598724365234,0.09413855934143066,0.09849071502685547
torch.bfloat16,cuda,ExecutionType.REGULAR,TensorType.WEIGHTS,GranularityType.PER_GROUP,False,False,TimingMode.KERNEL,False,50,"[32064, 3072]",0.9655332565307617,3.3244943618774414,0.8316563415527344,1.0099477005004882
torch.bfloat16,cuda,ExecutionType.REGULAR,TensorType.WEIGHTS,GranularityType.PER_GROUP,False,False,TimingMode.KERNEL,False,50,"[128256, 4096]",2.1648406982421875,14.173798561096191,4.111647853851318,5.062261390686035
torch.bfloat16,cuda,ExecutionType.REGULAR,TensorType.WEIGHTS,GranularityType.PER_GROUP,False,False,TimingMode.KERNEL,False,50,"[49152, 3072]",0.7857084274291992,4.608831405639648,1.3250595474243163,1.5684385299682617
torch.bfloat16,cuda,ExecutionType.REGULAR,TensorType.WEIGHTS,GranularityType.PER_GROUP,False,False,TimingMode.KERNEL,False,1000,"[256, 3072]",0.7659757137298584,0.6968269348144531,0.14706942558288574,0.14768746948242187
torch.bfloat16,cuda,ExecutionType.REGULAR,TensorType.WEIGHTS,GranularityType.PER_GROUP,False,False,TimingMode.KERNEL,False,500,"[1024, 3072]",0.8463101387023926,0.7370419502258301,0.1628423480987549,0.16864490509033203
torch.bfloat16,cuda,ExecutionType.REGULAR,TensorType.WEIGHTS,GranularityType.PER_GROUP,False,False,TimingMode.KERNEL,False,100,"[8192, 2048]",1.6308307647705078,1.231844425201416,0.2662862491607666,0.29697322845458984
torch.bfloat16,cuda,ExecutionType.REGULAR,TensorType.WEIGHTS,GranularityType.PER_GROUP,False,False,TimingMode.KERNEL,False,50,"[151936, 1536]",1.1441564559936523,6.720647811889648,1.9271305465698243,2.3495302200317383
torch.bfloat16,cuda,ExecutionType.REGULAR,TensorType.WEIGHTS,GranularityType.PER_GROUP,False,False,TimingMode.KERNEL,False,100,"[4096, 11008]",0.6611227989196777,1.8922853469848633,0.5201009941101075,0.5938425064086914
torch.bfloat16,cuda,ExecutionType.REGULAR,TensorType.WEIGHTS,GranularityType.PER_GROUP,False,False,TimingMode.KERNEL,False,100,"[9216, 3072]",0.6183528900146484,1.3162779808044434,0.3883742618560791,0.4401578903198242
torch.bfloat16,cuda,ExecutionType.REGULAR,TensorType.WEIGHTS,GranularityType.PER_GROUP,False,False,TimingMode.KERNEL,False,50,"[16384, 3072]",0.879368782043457,2.0679426193237305,0.5589133644104004,0.649939956665039
torch.bfloat16,cuda,ExecutionType.REGULAR,TensorType.WEIGHTS,GranularityType.PER_GROUP,False,False,TimingMode.KERNEL,False,500,"[2560, 2560]",0.8017334938049316,0.7232484817504883,0.2288351249694824,0.24048519134521484
torch.bfloat16,cuda,ExecutionType.REGULAR,TensorType.WEIGHTS,GranularityType.PER_GROUP,False,False,TimingMode.KERNEL,False,100,"[5632, 2048]",0.8426666259765625,0.8494734764099121,0.26733643531799317,0.2884340286254883
torch.bfloat16,cuda,ExecutionType.REGULAR,TensorType.WEIGHTS,GranularityType.PER_GROUP,False,False,TimingMode.KERNEL,False,500,"[2304, 2048]",0.8376021385192871,0.7322101593017578,0.21654673385620118,0.22521114349365234
torch.bfloat16,cuda,ExecutionType.REGULAR,TensorType.WEIGHTS,GranularityType.PER_GROUP,False,False,TimingMode.KERNEL,False,50,"[14336, 4096]",0.6440067291259766,2.2777318954467773,0.6310772132873536,0.7380514144897461
torch.bfloat16,cuda,ExecutionType.REGULAR,TensorType.WEIGHTS,GranularityType.PER_GROUP,False,False,TimingMode.KERNEL,False,50,"[4096, 14336]",0.6889104843139648,2.3523521423339844,0.6390777015686036,0.7453603744506836
torch.bfloat16,cuda,ExecutionType.REGULAR,TensorType.WEIGHTS,GranularityType.PER_GROUP,False,False,TimingMode.KERNEL,False,50,"[151936, 2048]",1.4491510391235352,8.725214004516602,2.5789779472351073,3.1420404434204103
torch.bfloat16,cuda,ExecutionType.REGULAR,TensorType.WEIGHTS,GranularityType.PER_GROUP,False,False,TimingMode.KERNEL,False,100,"[12288, 3072]",0.6769061088562012,1.6299676895141602,0.5281683921813964,0.5836420059204102
torch.bfloat16,cuda,ExecutionType.REGULAR,TensorType.WEIGHTS,GranularityType.PER_GROUP,False,False,TimingMode.KERNEL,False,500,"[2048, 4096]",0.6465592384338379,0.6271786689758301,0.289718807220459,0.30492874908447265
torch.bfloat16,cuda,ExecutionType.REGULAR,TensorType.WEIGHTS,GranularityType.PER_GROUP,False,False,TimingMode.KERNEL,False,50,"[128256, 2048]",1.2492895126342773,7.497115135192871,2.2400560188293457,2.71547794342041
torch.bfloat16,cuda,ExecutionType.REGULAR,TensorType.WEIGHTS,GranularityType.PER_GROUP,False,False,TimingMode.KERNEL,False,100,"[11008, 4096]",0.7988452911376953,1.879899501800537,0.6138158226013184,0.6859159469604492
torch.bfloat16,cuda,ExecutionType.REGULAR,TensorType.WEIGHTS,GranularityType.PER_GROUP,False,False,TimingMode.KERNEL,False,50,"[32000, 4096]",0.8688879013061523,4.144372940063477,1.2630717658996582,1.5002442932128905
torch.bfloat16,cuda,ExecutionType.REGULAR,TensorType.WEIGHTS,GranularityType.PER_GROUP,False,False,TimingMode.KERNEL,False,50,"[50304, 2560]",0.7171344757080078,4.056634902954102,1.260352268218994,1.4940366744995117
torch.bfloat16,cuda,ExecutionType.REGULAR,TensorType.WEIGHTS,GranularityType.PER_GROUP,False,False,TimingMode.KERNEL,False,100,"[8192, 3072]",0.9458732604980469,1.2928175926208496,0.47511070251464843,0.5163433647155762
torch.bfloat16,cuda,ExecutionType.REGULAR,TensorType.WEIGHTS,GranularityType.PER_GROUP,False,False,TimingMode.KERNEL,False,500,"[1024, 4096]",0.7864470481872559,0.7182650566101074,0.30812247848510743,0.3156576156616211
torch.bfloat16,cuda,ExecutionType.REGULAR,TensorType.WEIGHTS,GranularityType.PER_GROUP,False,False,TimingMode.KERNEL,False,500,"[512, 2048]",0.8517293930053711,0.7575340270996094,0.28503335189819334,0.2869424819946289
torch.bfloat16,cuda,ExecutionType.REGULAR,TensorType.WEIGHTS,GranularityType.PER_GROUP,False,False,TimingMode.KERNEL,False,50,"[256000, 2304]",2.3818159103393555,15.88141918182373,4.800478458404541,5.8689985275268555
torch.bfloat16,cuda,ExecutionType.REGULAR,TensorType.WEIGHTS,GranularityType.PER_GROUP,False,False,TimingMode.KERNEL,False,100,"[3072, 8192]",0.8921098709106445,1.3059139251708984,0.523534049987793,0.5389744758605957
torch.bfloat16,cuda,ExecutionType.REGULAR,TensorType.WEIGHTS,GranularityType.PER_GROUP,False,False,TimingMode.KERNEL,False,50,"[2048, 128256]",1.2671899795532227,8.494420051574707,2.292382221221924,2.7678041458129883
torch.bfloat16,cuda,ExecutionType.REGULAR,TensorType.WEIGHTS,GranularityType.PER_GROUP,False,False,TimingMode.KERNEL,False,1000,"[256, 1536]",0.682999849319458,0.641305685043335,0.2843292083740234,0.28356150817871095
torch.bfloat16,cuda,ExecutionType.REGULAR,TensorType.WEIGHTS,GranularityType.PER_GROUP,False,False,TimingMode.KERNEL,False,500,"[2048, 2048]",0.6608095169067383,0.6408605575561523,0.3115146350860596,0.31925106048583984
torch.bfloat16,cuda,ExecutionType.REGULAR,TensorType.WEIGHTS,GranularityType.PER_GROUP,False,False,TimingMode.KERNEL,False,100,"[1536, 8960]",0.8499264717102051,1.0139036178588867,0.3852110958099365,0.4103841781616211
