name,tensor_type,input_size,forward_avg,forward_avg_impr,backward_avg,backward_avg_impr,forward_mb_avg,forward_mb_avg_impr,backward_mb_avg,backward_mb_avg_impr
2048x1,TensorType.WEIGHTS,"[2048, 128256]",2.97,,4.01,,1.9757,,3.4317,
2048x62,TensorType.WEIGHTS,"[2048, 128256]",2.79,,7.18,,1.9757,,3.4317,
compile_02b9d9,TensorType.ACTIVATIONS,"[128, 2048]",1.7,,1.83,,0.002,,0.0044,
compile_02b9d9,TensorType.ACTIVATIONS,"[128, 96, 64, 64]",1.67,,2.82,,0.3797,,0.8445,
compile_02b9d9,TensorType.ACTIVATIONS,"[2, 96, 64, 64]",1.76,,1.87,,0.0059,,0.0144,
compile_02b9d9,TensorType.ACTIVATIONS,"[2048, 128256]",2.09,,11.38,,1.9883,,4.414,
compile_02b9d9,TensorType.WEIGHTS,"[128, 2048]",1.67,,1.81,,0.002,,0.0044,
compile_02b9d9,TensorType.WEIGHTS,"[128, 96, 64, 64]",1.75,,2.82,,0.3797,,0.8448,
compile_02b9d9,TensorType.WEIGHTS,"[2, 96, 64, 64]",1.72,,1.86,,0.0059,,0.0137,
compile_02b9d9,TensorType.WEIGHTS,"[2048, 128256]",1.85,,11.35,,1.9855,,4.4122,
cuda_507d96,TensorType.ACTIVATIONS,"[128, 2048]",1.04,,0.96,,0.002,,0.0025,
cuda_507d96,TensorType.ACTIVATIONS,"[128, 96, 64, 64]",1.67,,2.04,,0.376,,0.4688,
cuda_507d96,TensorType.ACTIVATIONS,"[2, 96, 64, 64]",0.95,,0.9,,0.0059,,0.0073,
cuda_507d96,TensorType.ACTIVATIONS,"[2048, 128256]",4.75,,41.4,,1.9688,,2.4551,
cuda_507d96,TensorType.ACTIVATIONS,"[2048, 4096]",0.7,,1.27,,0.0628,,0.0783,
cuda_507d96,TensorType.WEIGHTS,"[128, 2048]",0.93,,0.9,,0.002,,0.0024,
cuda_507d96,TensorType.WEIGHTS,"[128, 96, 64, 64]",1.36,,1.68,,0.376,,0.4688,
cuda_507d96,TensorType.WEIGHTS,"[2, 96, 64, 64]",0.83,,0.86,,0.0059,,0.0073,
cuda_507d96,TensorType.WEIGHTS,"[2048, 128256]",4.64,,6.25,,1.9659,,2.4513,
cuda_507d96,TensorType.WEIGHTS,"[2048, 4096]",1.1,,0.87,,0.0627,,0.0782,
triton_10_c1b9ff_slow_but_accurate_weight,TensorType.ACTIVATIONS,"[128, 2048]",1.63,-56%,1.44,-50%,0.002,-0%,0.0035,-38%
triton_10_c1b9ff_slow_but_accurate_weight,TensorType.ACTIVATIONS,"[2048, 128256]",2.93,38%,7.12,83%,1.9786,-0%,3.4334,-40%
triton_10_c1b9ff_slow_but_accurate_weight,TensorType.WEIGHTS,"[128, 2048]",1.55,-66%,1.4,-55%,0.0022,-13%,0.0034,-40%
triton_10_c1b9ff_slow_but_accurate_weight,TensorType.WEIGHTS,"[2048, 128256]",2.86,38%,7.2,-15%,1.9757,-0%,3.4317,-40%
triton_11_fee9ff_fast_weight_slow_but_accurate_activ,TensorType.ACTIVATIONS,"[128, 2048]",1.65,-58%,1.5,-57%,0.0023,-13%,0.0035,-38%
triton_11_fee9ff_fast_weight_slow_but_accurate_activ,TensorType.ACTIVATIONS,"[2048, 128256]",3.02,36%,45.81,-11%,1.9786,-0%,3.4334,-40%
triton_11_fee9ff_fast_weight_slow_but_accurate_activ,TensorType.WEIGHTS,"[128, 2048]",1.62,-74%,1.47,-62%,0.0022,-13%,0.0034,-40%
triton_11_fee9ff_fast_weight_slow_but_accurate_activ,TensorType.WEIGHTS,"[2048, 128256]",3.13,33%,7.26,-16%,1.9757,-0%,3.4317,-40%
triton_12_2f62af_fallback_to_1d_grid_fast_and_accurate,TensorType.ACTIVATIONS,"[128, 2048]",1.7,-63%,1.5,-57%,0.0023,-13%,0.0035,-38%
triton_12_2f62af_fallback_to_1d_grid_fast_and_accurate,TensorType.ACTIVATIONS,"[2048, 128256]",2.94,38%,7.56,82%,1.9785,-0%,3.4334,-40%
triton_12_2f62af_fallback_to_1d_grid_fast_and_accurate,TensorType.WEIGHTS,"[128, 2048]",1.68,-79%,1.44,-59%,0.0022,-13%,0.0034,-40%
triton_12_2f62af_fallback_to_1d_grid_fast_and_accurate,TensorType.WEIGHTS,"[2048, 128256]",3.03,35%,7.21,-15%,1.9757,-0%,3.4317,-40%
triton_13_02b9d9,TensorType.ACTIVATIONS,"[128, 2048]",1.56,-49%,1.41,-47%,0.0023,-13%,0.0035,-38%
triton_13_02b9d9,TensorType.ACTIVATIONS,"[128, 96, 64, 64]",1.79,-8%,2.41,-18%,0.3778,-1%,0.657,-40%
triton_13_02b9d9,TensorType.ACTIVATIONS,"[2, 96, 64, 64]",2.04,-115%,2.07,-130%,0.0059,-0%,0.011,-50%
triton_13_02b9d9,TensorType.ACTIVATIONS,"[2048, 128256]",2.92,39%,7.54,82%,1.9786,-0%,3.4334,-40%
triton_13_02b9d9,TensorType.ACTIVATIONS,"[2048, 4096]",1.49,-112%,1.79,-42%,0.0654,-4%,0.17,-117%
triton_13_02b9d9,TensorType.WEIGHTS,"[128, 2048]",1.52,-63%,1.39,-54%,0.0022,-13%,0.0034,-40%
triton_13_02b9d9,TensorType.WEIGHTS,"[128, 96, 64, 64]",2.03,-50%,2.47,-47%,0.3778,-1%,0.6573,-40%
triton_13_02b9d9,TensorType.WEIGHTS,"[2, 96, 64, 64]",1.95,-136%,2.05,-138%,0.0061,-4%,0.0103,-40%
triton_13_02b9d9,TensorType.WEIGHTS,"[2048, 128256]",2.92,37%,7.21,-15%,1.9757,-0%,3.4317,-40%
triton_13_02b9d9,TensorType.WEIGHTS,"[2048, 4096]",1.68,-53%,1.47,-68%,0.0654,-4%,0.1094,-40%
triton_13_02b9d9_no_sumlike,TensorType.ACTIVATIONS,"[128, 2048]",1.47,-40%,1.37,-43%,0.0023,-13%,0.0035,-38%
triton_13_02b9d9_no_sumlike,TensorType.ACTIVATIONS,"[128, 96, 64, 64]",1.51,9%,2.37,-16%,0.3778,-0%,0.6563,-40%
triton_13_02b9d9_no_sumlike,TensorType.ACTIVATIONS,"[2, 96, 64, 64]",1.76,-86%,1.82,-102%,0.0059,-0%,0.0103,-40%
triton_13_02b9d9_no_sumlike,TensorType.ACTIVATIONS,"[2048, 128256]",2.88,39%,7.55,82%,1.9786,-0%,3.4334,-40%
triton_13_02b9d9_no_sumlike,TensorType.WEIGHTS,"[128, 2048]",1.46,-56%,1.33,-47%,0.0022,-13%,0.0034,-40%
triton_13_02b9d9_no_sumlike,TensorType.WEIGHTS,"[128, 96, 64, 64]",1.64,-20%,2.35,-40%,0.3778,-0%,0.6563,-40%
triton_13_02b9d9_no_sumlike,TensorType.WEIGHTS,"[2, 96, 64, 64]",1.8,-117%,1.85,-114%,0.0061,-4%,0.0103,-40%
triton_13_02b9d9_no_sumlike,TensorType.WEIGHTS,"[2048, 128256]",2.95,37%,7.22,-15%,1.9757,-0%,3.4317,-40%
triton_1_43d6d2_PR,TensorType.ACTIVATIONS,"[128, 2048]",1.95,-86%,1.88,-96%,0.002,-0%,0.0035,-38%
triton_1_43d6d2_PR,TensorType.WEIGHTS,"[128, 2048]",1.95,-109%,1.88,-107%,0.0022,-13%,0.0034,-40%
triton_2_07e5b9_PR_fixbig,TensorType.ACTIVATIONS,"[128, 2048]",1.85,-77%,1.86,-94%,0.002,-0%,0.0035,-38%
triton_2_07e5b9_PR_fixbig,TensorType.ACTIVATIONS,"[128, 96, 64, 64]",1.99,-19%,2.48,-22%,0.3778,-1%,0.657,-40%
triton_2_07e5b9_PR_fixbig,TensorType.ACTIVATIONS,"[2, 96, 64, 64]",2.0,-111%,2.0,-123%,0.0059,-0%,0.011,-50%
triton_2_07e5b9_PR_fixbig,TensorType.ACTIVATIONS,"[2048, 128256]",3.16,34%,7.56,82%,1.9786,-0%,3.4334,-40%
triton_2_07e5b9_PR_fixbig,TensorType.WEIGHTS,"[128, 2048]",1.83,-96%,1.85,-104%,0.0022,-13%,0.0034,-40%
triton_2_07e5b9_PR_fixbig,TensorType.WEIGHTS,"[128, 96, 64, 64]",1.61,-18%,2.35,-40%,0.3778,-1%,0.6573,-40%
triton_2_07e5b9_PR_fixbig,TensorType.WEIGHTS,"[2, 96, 64, 64]",1.91,-130%,1.99,-131%,0.0061,-4%,0.0103,-40%
triton_2_07e5b9_PR_fixbig,TensorType.WEIGHTS,"[2048, 128256]",3.34,28%,7.56,-21%,1.9757,-0%,3.4317,-40%
triton_3_4d6a103,TensorType.WEIGHTS,"[2048, 128256]",3.08,34%,7.5,-20%,1.9757,-0%,3.4317,-40%
triton_4_ea1b9b_2D_grid,TensorType.WEIGHTS,"[2048, 128256]",2.8,40%,3.96,37%,1.9757,-0%,3.4317,-40%
triton_4_ea1b9b_2D_grid_2,TensorType.ACTIVATIONS,"[128, 2048]",1.9,-82%,1.89,-97%,0.0023,-13%,0.0035,-38%
triton_4_ea1b9b_2D_grid_2,TensorType.ACTIVATIONS,"[2048, 128256]",3.39,29%,4.38,89%,1.9786,-0%,3.4334,-40%
triton_4_ea1b9b_2D_grid_2,TensorType.WEIGHTS,"[128, 2048]",1.54,-65%,1.43,-58%,0.0022,-13%,0.0034,-40%
triton_4_ea1b9b_2D_grid_2,TensorType.WEIGHTS,"[2048, 128256]",3.31,29%,3.98,36%,1.9757,-0%,3.4317,-40%
triton_5_507d96_opt_2D_grid,TensorType.ACTIVATIONS,"[128, 2048]",1.53,-46%,1.4,-46%,0.002,-0%,0.0035,-38%
triton_5_507d96_opt_2D_grid,TensorType.ACTIVATIONS,"[2048, 128256]",2.92,38%,7.11,83%,1.9786,-0%,3.4334,-40%
triton_5_507d96_opt_2D_grid,TensorType.WEIGHTS,"[128, 2048]",1.5,-61%,1.4,-55%,0.0022,-13%,0.0034,-40%
triton_5_507d96_opt_2D_grid,TensorType.WEIGHTS,"[2048, 128256]",2.81,40%,7.13,-14%,1.9757,-0%,3.4317,-40%
triton_5_507d96_opt_2D_grid_2,TensorType.ACTIVATIONS,"[128, 2048]",1.62,-55%,1.45,-51%,0.002,-0%,0.0035,-38%
triton_5_507d96_opt_2D_grid_2,TensorType.ACTIVATIONS,"[2048, 128256]",3.04,36%,7.14,83%,1.9786,-0%,3.4334,-40%
triton_5_507d96_opt_2D_grid_2,TensorType.WEIGHTS,"[128, 2048]",1.61,-72%,1.45,-60%,0.0022,-13%,0.0034,-40%
triton_5_507d96_opt_2D_grid_2,TensorType.WEIGHTS,"[2048, 128256]",2.94,37%,7.3,-17%,1.9757,-0%,3.4317,-40%
triton_6_f24fcb_sep_activ,TensorType.ACTIVATIONS,"[128, 2048]",1.9,-82%,1.89,-98%,0.002,-0%,0.0035,-38%
triton_6_f24fcb_sep_activ,TensorType.ACTIVATIONS,"[2048, 128256]",3.16,33%,9.22,78%,1.9786,-0%,3.4334,-40%
triton_6_f24fcb_sep_activ,TensorType.WEIGHTS,"[128, 2048]",1.83,-96%,1.87,-106%,0.0022,-13%,0.0034,-40%
triton_6_f24fcb_sep_activ,TensorType.WEIGHTS,"[2048, 128256]",3.3,29%,7.18,-15%,1.9757,-0%,3.4317,-40%
triton_7_7bdc9f_no_loop_2D_grid_weights,TensorType.ACTIVATIONS,"[128, 2048]",1.67,-60%,1.46,-52%,0.002,-0%,0.0035,-38%
triton_7_7bdc9f_no_loop_2D_grid_weights,TensorType.ACTIVATIONS,"[2048, 128256]",2.83,40%,7.11,83%,1.9786,-0%,3.4334,-40%
triton_7_7bdc9f_no_loop_2D_grid_weights,TensorType.WEIGHTS,"[128, 2048]",1.65,-77%,1.46,-62%,0.0022,-13%,0.0034,-40%
triton_7_7bdc9f_no_loop_2D_grid_weights,TensorType.WEIGHTS,"[2048, 128256]",2.76,41%,4.37,30%,1.9757,-0%,3.4317,-40%
triton_8_2f166b_best_perf_2D_grid,TensorType.ACTIVATIONS,"[128, 2048]",1.66,-59%,1.49,-56%,0.002,-0%,0.0035,-38%
triton_8_2f166b_best_perf_2D_grid,TensorType.ACTIVATIONS,"[2048, 128256]",3.31,30%,4.38,89%,1.9786,-0%,3.4334,-40%
triton_8_2f166b_best_perf_2D_grid,TensorType.WEIGHTS,"[128, 2048]",1.56,-67%,1.45,-60%,0.0022,-13%,0.0034,-40%
triton_8_2f166b_best_perf_2D_grid,TensorType.WEIGHTS,"[2048, 128256]",3.32,29%,4.04,35%,1.9757,-0%,3.4317,-40%
triton_9_61cbc8_best_perf_2D_grid_1kernel,TensorType.ACTIVATIONS,"[128, 2048]",1.49,-43%,1.39,-45%,0.002,-0%,0.0035,-38%
triton_9_61cbc8_best_perf_2D_grid_1kernel,TensorType.ACTIVATIONS,"[2048, 128256]",2.84,40%,4.37,89%,1.9786,-0%,3.4334,-40%
triton_9_61cbc8_best_perf_2D_grid_1kernel,TensorType.WEIGHTS,"[128, 2048]",1.44,-54%,1.39,-54%,0.0022,-13%,0.0034,-40%
triton_9_61cbc8_best_perf_2D_grid_1kernel,TensorType.WEIGHTS,"[2048, 128256]",2.75,41%,4.0,36%,1.9757,-0%,3.4317,-40%
triton_a97638,TensorType.WEIGHTS,"[2048, 128256]",2.99,36%,7.53,-20%,1.9757,-0%,3.4317,-40%
